{
  "Andaman and Nicobar Islands": [
    "Port Blair"
  ],
  "Haryana": [
    "Faridabad",
    "Gurgaon",
    "Hisar",
    "Rohtak",
    "Panipat",
    "Karnal",
    "Sonipat",
    "Yamunanagar",
    "Panchkula",
    "Bhiwani",
    "Bahadurgarh",
    "Jind",
    "Sirsa",
    "Thanesar",
    "Kaithal",
    "Palwal",
    "Rewari",
    "Hansi",
    "Narnaul",
    "Fatehabad",
    "Gohana",
    "Tohana",
    "Narwana",
    "Mandi Dabwali",
    "Charkhi Dadri",
    "Shahbad",
    "Pehowa",
    "Samalkha",
    "Pinjore",
    "Ladwa",
    "Sohna",
    "Safidon",
    "Taraori",
    "Mahendragarh",
    "Ratia",
    "Rania",
    "Sarsod"
  ],
  "Tamil Nadu": [
    "Chennai",
    "Coimbatore",
    "Madurai",
    "Tiruchirappalli",
    "Salem",
    "Tirunelveli",
    "Tiruppur",
    "Ranipet",
    "Nagercoil",
    "Thanjavur",
    "Vellore",
    "Kancheepuram",
    "Erode",
    "Tiruvannamalai",
    "Pollachi",
    "Rajapalayam",
    "Sivakasi",
    "Pudukkottai",
    "Neyveli (TS)",
    "Nagapattinam",
    "Viluppuram",
    "Tiruchengode",
    "Vaniyambadi",
    "Theni Allinagaram",
    "Udhagamandalam",
    "Aruppukkottai",
    "Paramakudi",
    "Arakkonam",
    "Virudhachalam",
    "Srivilliputhur",
    "Tindivanam",
    "Virudhunagar",
    "Karur",
    "Valparai",
    "Sankarankovil",
    "Tenkasi",
    "Pernampattu",
    "Padmanabhapuram",
    "Thirupuvanam"
  ],
  "Punjab": [
    "Ludhiana",
    "Amritsar",
    "Jalandhar",
    "Patiala",
    "Bathinda",
    "Hoshiarpur",
    "Mohali",
    "Batala",
    "Pathankot",
    "Moga",
    "Malerkotla",
    "Khanna",
    "Phagwara",
    "Muktsar",
    "Barnala",
    "Rajpura",
    "Firozpur",
    "Kapurthala",
    "Sunam",
    "Goindval",
    "Dhuri",
    "Fatehgarh Sahib",
    "Rupnagar",
    "Samana",
    "Nabha",
    "Kot Kapura",
    "Fazilka",
    "Gurdaspur",
    "Kharar",
    "Mukerian",
    "Pattran",
    "Qadian",
    "Samrala",
    "Sujanpur",
    "Talwara",
    "Zira"
  ],
  "Chandigarh": [
    "Chandigarh"
  ],
  "Rajasthan": [
    "Jaipur",
    "Jodhpur",
    "Bikaner",
    "Kota",
    "Ajmer",
    "Udaipur",
    "Bhilwara",
    "Alwar",
    "Sikar",
    "Bharatpur",
    "Pali",
    "Ganganagar",
    "Tonk",
    "Kishangarh",
    "Beawar",
    "Hanumangarh",
    "Nagaur",
    "Dhaulpur",
    "Gangapur City",
    "Sawai Madhopur",
    "Churu",
    "Jhunjhunu",
    "Baran",
    "Chittaurgarh",
    "Makrana",
    "Phalodi",
    "Nohar",
    "Rajsamand",
    "Sujangarh",
    "Ladnu",
    "Ratangarh",
    "Pushkar",
    "Nathdwara",
    "Banswara",
    "Dungarpur",
    "Pratapgarh",
    "Jhalawar",
    "Karauli",
    "Bundi",
    "Sirohi"
  ],
  "Uttar Pradesh": [
    "Lucknow",
    "Kanpur",
    "Ghaziabad",
    "Agra",
    "Meerut",
    "Varanasi",
    "Allahabad",
    "Bareilly",
    "Aligarh",
    "Moradabad",
    "Saharanpur",
    "Gorakhpur",
    "Noida",
    "Firozabad",
    "Jhansi",
    "Muzaffarnagar",
    "Mathura",
    "Budaun",
    "Rampur",
    "Shahjahanpur",
    "Farrukhabad",
    "Modinagar",
    "Hapur",
    "Etawah",
    "Mirzapur",
    "Bulandshahr",
    "Sambhal",
    "Amroha",
    "Hardoi",
    "Fatehpur",
    "Raebareli",
    "Orai",
    "Bahraich",
    "Unnao",
    "Lakhimpur",
    "Sitapur",
    "Lalitpur",
    "Gonda",
    "Mainpuri",
    "Etah",
    "Deoria",
    "Ballia",
    "Barabanki",
    "Chandausi",
    "Bijnor",
    "Basti",
    "Azamgarh",
    "Sultanpur",
    "Mahoba",
    "Banda",
    "Pilibhit",
    "Shamli",
    "Hathras",
    "Khurja",
    "Kasganj",
    "Tundla"
  ],
  "Madhya Pradesh": [
    "Indore",
    "Bhopal",
    "Jabalpur",
    "Gwalior",
    "Ujjain",
    "Sagar",
    "Dewas",
    "Satna",
    "Ratlam",
    "Rewa",
    "Murwara (Katni)",
    "Singrauli",
    "Burhanpur",
    "Khandwa",
    "Bhind",
    "Chhindwara",
    "Guna",
    "Shivpuri",
    "Vidisha",
    "Damoh",
    "Mandsaur",
    "Khargone",
    "Neemuch",
    "Pithampur",
    "Hoshangabad",
    "Itarsi",
    "Sehore",
    "Morena",
    "Betul",
    "Seoni",
    "Datia",
    "Nagda",
    "Dhar",
    "Tikamgarh",
    "Sheopur",
    "Ashoknagar",
    "Balaghat",
    "Barwani",
    "Chhatarpur",
    "Dindori",
    "Harda",
    "Jhabua",
    "Mandla",
    "Narsinghpur",
    "Panna",
    "Raisen",
    "Rajgarh",
    "Shajapur",
    "Sidhi",
    "Umaria",
    "Anuppur",
    "Alirajpur",
    "Agar Malwa",
    "Niwari"
  ],
  "Jharkhand": [
    "Jamshedpur",
    "Dhanbad",
    "Ranchi",
    "Bokaro Steel City",
    "Deoghar",
    "Phusro",
    "Hazaribagh",
    "Giridih",
    "Ramgarh",
    "Medininagar (Daltonganj)",
    "Chirkunda",
    "Jhumri Tilaiya",
    "Saunda",
    "Sahibganj",
    "Chaibasa",
    "Godda",
    "Pakur",
    "Simdega",
    "Koderma",
    "Chatra",
    "Gumla",
    "Lohardaga",
    "Latehar",
    "Garhwa",
    "Jamtara",
    "Khunti",
    "Saraikela"
  ],
  "Odisha": [
    "Bhubaneswar",
    "Cuttack",
    "Rourkela",
    "Berhampur",
    "Sambalpur",
    "Puri",
    "Balasore",
    "Bhadrak",
    "Baripada",
    "Jharsuguda",
    "Bargarh",
    "Paradip",
    "Jeypore",
    "Rayagada",
    "Dhenkanal",
    "Kendujhar",
    "Sunabeda",
    "Koraput",
    "Balangir",
    "Jagatsinghapur",
    "Kendrapara",
    "Malkangiri",
    "Nabarangpur",
    "Nayagarh",
    "Phulbani",
    "Sonepur",
    "Deogarh",
    "Boudh",
    "Gajapati",
    "Kandhamal"
  ],
  "Chhattisgarh": [
    "Raipur",
    "Bhilai Nagar",
    "Korba",
    "Bilaspur",
    "Durg",
    "Rajnandgaon",
    "Jagdalpur",
    "Ambikapur",
    "Chirmiri",
    "Dhamtari",
    "Mahasamund",
    "Bhatapara",
    "Baloda Bazar",
    "Kanker",
    "Jashpur Nagar",
    "Kawardha",
    "Bemetara",
    "Mungeli",
    "Kondagaon",
    "Sukma",
    "Bijapur",
    "Narayanpur",
    "Dantewada",
    "Gariaband",
    "Balod",
    "Surajpur",
    "Balrampur",
    "Koriya",
    "Gaurela Pendra Marwahi"
  ],
  "Assam": [
    "Guwahati",
    "Silchar",
    "Dibrugarh",
    "Jorhat",
    "Nagaon",
    "Tinsukia",
    "Tezpur",
    "Bongaigaon",
    "Karimganj",
    "Dhubri",
    "Diphu",
    "North Lakhimpur",
    "Goalpara",
    "Barpeta",
    "Sivasagar",
    "Hailakandi",
    "Kokrajhar",
    "Hojai",
    "Mangaldoi",
    "Dhemaji",
    "Morigaon",
    "Udalguri",
    "Baksa",
    "Chirang",
    "Biswanath",
    "Majuli",
    "South Salmara-Mankachar",
    "West Karbi Anglong"
  ],
  "Bihar": [
    "Patna",
    "Gaya",
    "Bhagalpur",
    "Muzaffarpur",
    "Darbhanga",
    "Arrah",
    "Purnia",
    "Bihar Sharif",
    "Sasaram",
    "Katihar",
    "Bettiah",
    "Motihari",
    "Buxar",
    "Kishanganj",
    "Sitamarhi",
    "Jamalpur",
    "Jehanabad",
    "Aurangabad",
    "Lakhisarai",
    "Supaul",
    "Araria",
    "Saharsa",
    "Madhepura",
    "Khagaria",
    "Munger",
    "Nawada",
    "Begusarai",
    "Gopalganj",
    "Siwan",
    "Vaishali",
    "Banka",
    "Kaimur",
    "Rohtas",
    "Sheohar",
    "Sheikhpura",
    "Saran",
    "Samastipur",
    "Madhubani"
  ],
  "Gujarat": [
    "Ahmedabad",
    "Surat",
    "Vadodara",
    "Rajkot",
    "Bhavnagar",
    "Jamnagar",
    "Gandhinagar",
    "Anand",
    "Nadiad",
    "Morbi",
    "Surendranagar",
    "Bharuch",
    "Mehsana",
    "Bhuj",
    "Porbandar",
    "Patan",
    "Godhra",
    "Palanpur",
    "Valsad",
    "Vapi",
    "Gondal",
    "Veraval",
    "Kalol",
    "Botad",
    "Amreli",
    "Deesa",
    "Jetpur",
    "Dahod",
    "Kadi",
    "Ankleshwar",
    "Savarkundla",
    "Wadhwan",
    "Visnagar",
    "Modasa",
    "Dhoraji",
    "Upleta",
    "Vyara",
    "Mangrol",
    "Chikhli",
    "Navsari",
    "Junagadh"
  ],
  "Andhra Pradesh": [
    "Visakhapatnam",
    "Vijayawada",
    "Guntur",
    "Nellore",
    "Kurnool",
    "Rajahmundry",
    "Kakinada",
    "Tirupati",
    "Anantapur",
    "Kadapa",
    "Eluru",
    "Ongole",
    "Nandyal",
    "Machilipatnam",
    "Adoni",
    "Tenali",
    "Chittoor",
    "Hindupur",
    "Srikakulam",
    "Bhimavaram",
    "Guntakal",
    "Dharmavaram",
    "Gudivada",
    "Chirala",
    "Amalapuram",
    "Palakollu",
    "Tadepalligudem",
    "Chilakaluripet",
    "Mangalagiri",
    "Ponnur",
    "Samalkota",
    "Tuni",
    "Markapur",
    "Rayachoti",
    "Venkatagiri",
    "Sattenapalle",
    "Pithapuram",
    "Pedana",
    "Repalle",
    "Jaggampeta",
    "Narasaraopet",
    "Kovvur",
    "Kandukur",
    "Pulivendula",
    "Kadiri",
    "Mandapeta",
    "Palamaner",
    "Peddapuram",
    "Punganur",
    "Sullurpeta",
    "Tadpatri",
    "Vinukonda",
    "Yemmiganur",
    "Yerraguntla",
    "Zahirabad"
  ],
  "Telangana": [
    "Hyderabad",
    "Warangal",
    "Nizamabad",
    "Khammam",
    "Karimnagar",
    "Ramagundam",
    "Mahbubnagar",
    "Nalgonda",
    "Adilabad",
    "Suryapet",
    "Miryalaguda",
    "Jagtial",
    "Bellampalle",
    "Peddapalli",
    "Sircilla",
    "Kamareddy",
    "Kothagudem",
    "Tandur",
    "Mancherial",
    "Kodad",
    "Palwancha",
    "Wanaparthy",
    "Jangaon",
    "Bhongir",
    "Vikarabad",
    "Gadwal",
    "Sangareddy",
    "Medak",
    "Narayanpet"
  ],
  "Maharashtra": [
    "Mumbai",
    "Pune",
    "Nagpur",
    "Thane",
    "Nashik",
    "Aurangabad",
    "Solapur",
    "Amravati",
    "Malegaon",
    "Kolhapur",
    "Nanded",
    "Sangli",
    "Jalgaon",
    "Akola",
    "Latur",
    "Dhule",
    "Ahmednagar",
    "Chandrapur",
    "Parbhani",
    "Ichalkaranji",
    "Jalna",
    "Bhusawal",
    "Navi Mumbai",
    "Panvel",
    "Satara",
    "Beed",
    "Yavatmal",
    "Osmanabad",
    "Wardha",
    "Gondia",
    "Achalpur",
    "Baramati",
    "Chalisgaon",
    "Hinganghat",
    "Khamgaon",
    "Kopargaon",
    "Miraj",
    "Pandharpur",
    "Ratnagiri",
    "Shirpur-Warwade",
    "Shrirampur",
    "Washim"
  ],
  "Karnataka": [
    "Bengaluru",
    "Hubli-Dharwad",
    "Mysuru",
    "Kalaburagi",
    "Mangaluru",
    "Belagavi",
    "Davangere",
    "Ballari",
    "Shivamogga",
    "Tumakuru",
    "Raichur",
    "Bidar",
    "Hospet",
    "Gadag-Betageri",
    "Vijayapura",
    "Udupi",
    "Chitradurga",
    "Kolar",
    "Mandya",
    "Chikkamagaluru",
    "Bagalkot",
    "Hassan",
    "Karwar",
    "Chamarajanagar",
    "Koppal",
    "Yadgir",
    "Ramanagara",
    "Chikballapur",
    "Haveri",
    "Kodagu"
  ],
  "West Bengal": [
    "Kolkata",
    "Howrah",
    "Durgapur",
    "Asansol",
    "Siliguri",
    "Maheshtala",
    "Rajpur Sonarpur",
    "Gopalpur",
    "Bhatpara",
    "Panihati",
    "Kamarhati",
    "Bardhaman",
    "Kulti",
    "Barasat",
    "Barrackpore",
    "Serampore",
    "Chandannagar",
    "North Barrackpur",
    "Kharagpur",
    "Naihati",
    "Haldia",
    "Ranaghat",
    "Contai",
    "Jalpaiguri",
    "Balurghat",
    "Basirhat",
    "Bankura",
    "Chinsurah",
    "Cooch Behar",
    "Alipurduar",
    "Purulia",
    "Krishnanagar",
    "Malda",
    "Midnapore",
    "Habra"
  ],
  "Kerala": [
    "Thiruvananthapuram",
    "Kochi",
    "Kozhikode",
    "Thrissur",
    "Malappuram",
    "Palakkad",
    "Alappuzha",
    "Kollam",
    "Kannur",
    "Kottayam",
    "Kasaragod",
    "Pathanamthitta",
    "Idukki",
    "Wayanad",
    "Attingal",
    "Chalakudy",
    "Changanassery",
    "Cherthala",
    "Kanhangad",
    "Kottarakkara",
    "Kunnamkulam",
    "Nedumangad",
    "Neyyattinkara",
    "Ponnani",
    "Punalur",
    "Taliparamba",
    "Thalassery",
    "Thodupuzha",
    "Tirur",
    "Vadakara",
    "Varkala"
  ],
  "Jammu and Kashmir": [
    "Srinagar",
    "Jammu",
    "Anantnag",
    "Baramulla",
    "Sopore",
    "Kathua",
    "Rajouri",
    "Punch",
    "Udhampur",
    "Bandipora",
    "Ganderbal",
    "Kulgam",
    "Pulwama",
    "Shopian",
    "Kupwara",
    "Reasi",
    "Samba",
    "Doda",
    "Kishtwar",
    "Ramban",
    "Budgam"
  ],
  "Himachal Pradesh": [
    "Shimla",
    "Mandi",
    "Solan",
    "Dharamshala",
    "Palampur",
    "Kullu",
    "Chamba",
    "Una",
    "Hamirpur",
    "Nahan",
    "Sundarnagar",
    "Baddi",
    "Paonta Sahib",
    "Bilaspur",
    "Kangra"
  ],
  "Uttarakhand": [
    "Dehradun",
    "Haridwar",
    "Roorkee",
    "Haldwani",
    "Rudrapur",
    "Kashipur",
    "Rishikesh",
    "Pithoragarh",
    "Ramnagar",
    "Manglaur",
    "Kichha",
    "Kotdwara",
    "Nainital",
    "Mussoorie",
    "Almora"
  ],
  "Goa": [
    "Panaji",
    "Margao",
    "Vasco da Gama",
    "Mapusa",
    "Ponda",
    "Bicholim",
    "Cuncolim",
    "Quepem",
    "Canacona",
    "Sanguem",
    "Valpoi",
    "Curchorem",
    "Sanvordem"
  ],
  "Arunachal Pradesh": [
    "Itanagar",
    "Naharlagun",
    "Pasighat",
    "Along",
    "Tezu",
    "Bomdila",
    "Ziro",
    "Daporijo",
    "Roing",
    "Tawang",
    "Khonsa",
    "Changlang",
    "Anini",
    "Seppa",
    "Yingkiong"
  ],
  "Tripura": [
    "Agartala",
    "Udaipur",
    "Dharmanagar",
    "Kailasahar",
    "Belonia",
    "Khowai",
    "Ambassa",
    "Sonamura",
    "Amarpur",
    "Sabroom",
    "Teliamura",
    "Kumarghat"
  ],
  "Mizoram": [
    "Aizawl",
    "Lunglei",
    "Saiha",
    "Champhai",
    "Serchhip",
    "Kolasib",
    "Mamit",
    "Lawngtlai"
  ],
  "Sikkim": [
    "Gangtok",
    "Namchi",
    "Gyalshing",
    "Mangan",
    "Singtam",
    "Rangpo",
    "Jorethang"
  ]
}
